{"version":2,"commands":{},"url_overrides":{},"prefs":{"websites.hyperlinkAuditingEnabled":{"initialValue":{},"precedenceList":[{"id":"{0f929014-5ed2-4527-8b8d-86a9c889b129}","installDate":1593953458000,"value":false,"enabled":true}]},"network.networkPredictionEnabled":{"initialValue":{},"precedenceList":[{"id":"{0f929014-5ed2-4527-8b8d-86a9c889b129}","installDate":1593953458000,"value":false,"enabled":true}]}},"default_search":{},"homepageNotification":{},"newTabNotification":{},"tabHideNotification":{}}