{"chrome://browser/content/browser.xhtml":{"main-window":{"screenX":"1155","screenY":"390","width":"1280","height":"725","sizemode":"maximized"},"sidebar-box":{"sidebarcommand":"","width":""},"sidebar-title":{"value":""}},"chrome://mozapps/content/downloads/unknownContentType.xhtml":{"unknownContentTypeWindow":{"screenX":"-415","screenY":"256"}},"chrome://pippki/content/certManager.xhtml":{"certmanagertabs":{"selectedIndex":"0"},"certcol":{"ordinal":"1"},"tokencol":{"ordinal":"3"},"serialnumcol":{"ordinal":"5"},"issuedcol":{"ordinal":"7"},"expiredcol":{"ordinal":"7"},"sitecol":{"ordinal":"3"},"lifetimecol":{"ordinal":"5"}},"chrome://browser/content/pageinfo/pageInfo.xhtml":{"main-window":{"screenX":"965","screenY":"102","width":"600","height":"550","sizemode":"normal"}}}